{
	"info": {
		"_postman_id": "760cb3b9-c76b-4400-b373-f4e926fbfa79",
		"name": "SOA IFM 20201 - OLSHOP",
		"schema": "https://schema.getpostman.com/json/collection/v2.1.0/collection.json"
	},
	"item": [
		{
			"name": "1 (/account/register)",
			"item": [
				{
					"name": "1.1 (insert sukses)",
					"event": [
						{
							"listen": "prerequest",
							"script": {
								"id": "8361fc4a-a179-4128-90f0-96e08f4f431f",
								"exec": [
									"pm.sendRequest(`${pm.variables.get(\"baseUrl\")}/periksa/delete-account/user0`, function (err, response) {\r",
									"    pm.expect(response.code).equals(200);\r",
									"});\r",
									""
								],
								"type": "text/javascript"
							}
						},
						{
							"listen": "test",
							"script": {
								"id": "5a22e7f2-af35-4130-957f-4a7b8299a4ab",
								"exec": [
									"pm.test(\"Status code is 201\", function () {\r",
									"    pm.response.to.have.status(201);\r",
									"});\r",
									"const res0 = pm.response.json();\r",
									"pm.sendRequest(`${pm.variables.get(\"baseUrl\")}/periksa/get-account/${res0.id}`, function (err, response) {\r",
									"    const res1 = response.json();\r",
									"    pm.test(\"Insert successful\", function(){\r",
									"        pm.expect(response.code).equals(200);\r",
									"    });\r",
									"    pm.test(\"Data correct\", function(){\r",
									"        console.log(res0);\r",
									"        console.log(res1);\r",
									"        pm.expect(res0.id == res1.id).equals(true);\r",
									"        pm.expect(res0.username == res1.username).equals(true);\r",
									"        pm.expect(res0.kota_id == res1.kota_id).equals(true);\r",
									"    });\r",
									"});"
								],
								"type": "text/javascript"
							}
						}
					],
					"request": {
						"method": "POST",
						"header": [],
						"body": {
							"mode": "urlencoded",
							"urlencoded": [
								{
									"key": "username",
									"value": "user0",
									"type": "text"
								},
								{
									"key": "password",
									"value": "123",
									"type": "text"
								},
								{
									"key": "confirmPassword",
									"value": "123",
									"type": "text"
								},
								{
									"key": "kotaId",
									"value": "1",
									"type": "text"
								}
							]
						},
						"url": {
							"raw": "{{baseUrl}}/account/register",
							"host": [
								"{{baseUrl}}"
							],
							"path": [
								"account",
								"register"
							]
						}
					},
					"response": []
				},
				{
					"name": "1.2 (password tidak sama dengan confirm password)",
					"event": [
						{
							"listen": "prerequest",
							"script": {
								"id": "9f8be8ed-cebd-4509-b264-581f63d91665",
								"exec": [
									"pm.sendRequest(`${pm.variables.get(\"baseUrl\")}/periksa/delete-account/user0`, function (err, response) {\r",
									"    pm.expect(response.code).equals(200);\r",
									"});\r",
									""
								],
								"type": "text/javascript"
							}
						},
						{
							"listen": "test",
							"script": {
								"id": "f30a50dd-6706-4b96-928a-9c93e60619ee",
								"exec": [
									"pm.test(\"Status code is 400\", function () {\r",
									"    pm.response.to.have.status(400);\r",
									"});\r",
									"pm.test(\"Pesan error benar\", function () {\r",
									"    pm.expect(pm.response.text()).equals(\"Password tidak sama dengan confirm password!\");\r",
									"});\r",
									"pm.sendRequest(`${pm.variables.get(\"baseUrl\")}/periksa/get-account-username/user0`, function (err, response) {\r",
									"    pm.test(\"Data tidak terbuat\", function () {\r",
									"        pm.expect(response.code).equals(404);\r",
									"    });\r",
									"});"
								],
								"type": "text/javascript"
							}
						}
					],
					"request": {
						"method": "POST",
						"header": [],
						"body": {
							"mode": "urlencoded",
							"urlencoded": [
								{
									"key": "username",
									"value": "user0",
									"type": "text"
								},
								{
									"key": "password",
									"value": "123",
									"type": "text"
								},
								{
									"key": "confirmPassword",
									"value": "1233",
									"type": "text"
								},
								{
									"key": "kotaId",
									"value": "1",
									"type": "text"
								}
							]
						},
						"url": {
							"raw": "{{baseUrl}}/account/register",
							"host": [
								"{{baseUrl}}"
							],
							"path": [
								"account",
								"register"
							]
						}
					},
					"response": []
				},
				{
					"name": "1.3 (username kembar)",
					"event": [
						{
							"listen": "prerequest",
							"script": {
								"id": "0351b012-08b0-42cc-8cee-3f30ec7aa62f",
								"exec": [
									"pm.sendRequest(`${pm.variables.get(\"baseUrl\")}/periksa/conflict-account/`, function (err, response) {\r",
									"    pm.expect(response.code).equals(200);\r",
									"});\r",
									""
								],
								"type": "text/javascript"
							}
						},
						{
							"listen": "test",
							"script": {
								"id": "12bcca71-388d-44b8-b487-7a2c76994c10",
								"exec": [
									"pm.test(\"Status code is 409\", function () {\r",
									"    pm.response.to.have.status(409);\r",
									"});\r",
									"pm.test(\"Pesan error benar\", function () {\r",
									"    pm.expect(pm.response.text()).equals(\"Username sudah digunakan oleh pengguna lain!\");\r",
									"});"
								],
								"type": "text/javascript"
							}
						}
					],
					"request": {
						"method": "POST",
						"header": [],
						"body": {
							"mode": "urlencoded",
							"urlencoded": [
								{
									"key": "username",
									"value": "user0",
									"type": "text"
								},
								{
									"key": "password",
									"value": "123",
									"type": "text"
								},
								{
									"key": "confirmPassword",
									"value": "123",
									"type": "text"
								},
								{
									"key": "kotaId",
									"value": "1",
									"type": "text"
								}
							]
						},
						"url": {
							"raw": "{{baseUrl}}/account/register",
							"host": [
								"{{baseUrl}}"
							],
							"path": [
								"account",
								"register"
							]
						}
					},
					"response": []
				},
				{
					"name": "1.4 (kota tidak ditemukan)",
					"event": [
						{
							"listen": "prerequest",
							"script": {
								"id": "1924460a-159d-49a4-9168-e910e5b54b52",
								"exec": [
									"pm.sendRequest(`${pm.variables.get(\"baseUrl\")}/periksa/delete-account/user0`, function (err, response) {\r",
									"    pm.expect(response.code).equals(200);\r",
									"});\r",
									""
								],
								"type": "text/javascript"
							}
						},
						{
							"listen": "test",
							"script": {
								"id": "476c8443-4d7b-4675-90f7-6e9b5f6e0b35",
								"exec": [
									"pm.test(\"Status code is 404\", function () {\r",
									"    pm.response.to.have.status(404);\r",
									"});\r",
									"pm.test(\"Pesan error benar\", function () {\r",
									"    pm.expect(pm.response.text()).equals(\"Kota tidak ditemukan!\");\r",
									"});\r",
									"pm.sendRequest(`${pm.variables.get(\"baseUrl\")}/periksa/get-account-username/user0`, function (err, response) {\r",
									"    pm.test(\"Data tidak terbuat\", function () {\r",
									"        pm.expect(response.code).equals(404);\r",
									"    });\r",
									"});"
								],
								"type": "text/javascript"
							}
						}
					],
					"request": {
						"method": "POST",
						"header": [],
						"body": {
							"mode": "urlencoded",
							"urlencoded": [
								{
									"key": "username",
									"value": "user0",
									"type": "text"
								},
								{
									"key": "password",
									"value": "123",
									"type": "text"
								},
								{
									"key": "confirmPassword",
									"value": "123",
									"type": "text"
								},
								{
									"key": "kotaId",
									"value": "0",
									"type": "text"
								}
							]
						},
						"url": {
							"raw": "{{baseUrl}}/account/register",
							"host": [
								"{{baseUrl}}"
							],
							"path": [
								"account",
								"register"
							]
						}
					},
					"response": []
				}
			],
			"event": [
				{
					"listen": "prerequest",
					"script": {
						"id": "3fc6b598-02b5-495a-b2fa-cf3bb07c2ca9",
						"type": "text/javascript",
						"exec": [
							""
						]
					}
				},
				{
					"listen": "test",
					"script": {
						"id": "aa6c3e22-4fff-4a57-abf5-ccdebf90d1b2",
						"type": "text/javascript",
						"exec": [
							""
						]
					}
				}
			],
			"protocolProfileBehavior": {}
		},
		{
			"name": "2 (/account/login)",
			"item": [
				{
					"name": "2.1 (login sukses)",
					"event": [
						{
							"listen": "prerequest",
							"script": {
								"id": "325f54b2-4eae-4a53-923e-3af4e343d60b",
								"exec": [
									""
								],
								"type": "text/javascript"
							}
						},
						{
							"listen": "test",
							"script": {
								"id": "ca1ce3e7-bbb0-424f-a62f-daf26b00de22",
								"exec": [
									"pm.test(\"Status code is 200\", function () {\r",
									"    pm.response.to.have.status(200);\r",
									"});\r",
									"const res0 = pm.response.text();\r",
									"pm.test(\"Token correct\", function(){\r",
									"    const parts = res0.split(\".\");\r",
									"    try{\r",
									"        const account = JSON.parse(atob(parts[1]));\r",
									"        console.log(account);\r",
									"        pm.expect(account.id == 1).equals(true);\r",
									"        pm.expect(account.username == \"shoofe0\").equals(true);\r",
									"        pm.expect(account.kota_id == 301).equals(true);\r",
									"    }\r",
									"    catch(error){\r",
									"        pm.expect.fail(\"Invalid token\")\r",
									"    }\r",
									"});"
								],
								"type": "text/javascript"
							}
						}
					],
					"request": {
						"method": "POST",
						"header": [],
						"body": {
							"mode": "urlencoded",
							"urlencoded": [
								{
									"key": "username",
									"value": "shoofe0",
									"type": "text"
								},
								{
									"key": "password",
									"value": "123",
									"type": "text"
								}
							]
						},
						"url": {
							"raw": "{{baseUrl}}/account/login",
							"host": [
								"{{baseUrl}}"
							],
							"path": [
								"account",
								"login"
							]
						}
					},
					"response": []
				},
				{
					"name": "2.2 (username salah)",
					"event": [
						{
							"listen": "prerequest",
							"script": {
								"id": "9053c4fc-3a19-4fc0-babe-e89b7d270cc4",
								"exec": [
									""
								],
								"type": "text/javascript"
							}
						},
						{
							"listen": "test",
							"script": {
								"id": "d8379d6e-7a30-4e2e-ae23-6f85219b5039",
								"exec": [
									"pm.test(\"Status code is 400\", function () {\r",
									"    pm.response.to.have.status(400);\r",
									"});\r",
									"pm.test(\"Pesan error benar\", function () {\r",
									"    pm.expect(pm.response.text()).equals(\"Username atau password salah!\");\r",
									"});"
								],
								"type": "text/javascript"
							}
						}
					],
					"request": {
						"method": "POST",
						"header": [],
						"body": {
							"mode": "urlencoded",
							"urlencoded": [
								{
									"key": "username",
									"value": "shoofe",
									"type": "text"
								},
								{
									"key": "password",
									"value": "123",
									"type": "text"
								}
							]
						},
						"url": {
							"raw": "{{baseUrl}}/account/login",
							"host": [
								"{{baseUrl}}"
							],
							"path": [
								"account",
								"login"
							]
						}
					},
					"response": []
				},
				{
					"name": "2.3 (password salah)",
					"event": [
						{
							"listen": "prerequest",
							"script": {
								"id": "a0a42f34-d64d-4f83-b913-82123a50bc92",
								"exec": [
									""
								],
								"type": "text/javascript"
							}
						},
						{
							"listen": "test",
							"script": {
								"id": "99071dcf-e393-4974-bf9d-603304b2a2ce",
								"exec": [
									"pm.test(\"Status code is 400\", function () {\r",
									"    pm.response.to.have.status(400);\r",
									"});\r",
									"pm.test(\"Pesan error benar\", function () {\r",
									"    pm.expect(pm.response.text()).equals(\"Username atau password salah!\");\r",
									"});"
								],
								"type": "text/javascript"
							}
						}
					],
					"request": {
						"method": "POST",
						"header": [],
						"body": {
							"mode": "urlencoded",
							"urlencoded": [
								{
									"key": "username",
									"value": "shoofe0",
									"type": "text"
								},
								{
									"key": "password",
									"value": "1234",
									"type": "text"
								}
							]
						},
						"url": {
							"raw": "{{baseUrl}}/account/login",
							"host": [
								"{{baseUrl}}"
							],
							"path": [
								"account",
								"login"
							]
						}
					},
					"response": []
				}
			],
			"protocolProfileBehavior": {}
		},
		{
			"name": "3 (/account/change-password)",
			"item": [
				{
					"name": "3.1 (ganti password sukses)",
					"event": [
						{
							"listen": "prerequest",
							"script": {
								"id": "50bed94d-3a02-44d0-9160-65aba7b6d925",
								"exec": [
									"pm.sendRequest(`${pm.variables.get(\"baseUrl\")}/periksa/conflict-account/`, function (err, response) {\r",
									"    pm.expect(response.code).equals(200);\r",
									"    pm.sendRequest(`${pm.variables.get(\"baseUrl\")}/periksa/get-token/`, function (err, response1) {\r",
									"        pm.expect(response1.code).equals(200);\r",
									"        pm.variables.set(\"auth-token\", response1.text());\r",
									"        pm.variables.set(\"account\", JSON.parse(atob(response1.text().split(\".\")[1])));\r",
									"    });\r",
									"});"
								],
								"type": "text/javascript"
							}
						},
						{
							"listen": "test",
							"script": {
								"id": "fd3be24a-4817-4bb2-949f-33f970a69f8f",
								"exec": [
									"pm.test(\"Status code is 200\", function () {\r",
									"    pm.response.to.have.status(200);\r",
									"});\r",
									"pm.sendRequest(`${pm.variables.get(\"baseUrl\")}/periksa/get-account/${pm.variables.get(\"account\").id}`, function (err, response) {\r",
									"    const res1 = response.json();\r",
									"    pm.test(\"Data correct\", function(){\r",
									"        pm.expect(\"321\" == res1.password).equals(true);\r",
									"    });\r",
									"});"
								],
								"type": "text/javascript"
							}
						}
					],
					"request": {
						"method": "PUT",
						"header": [
							{
								"key": "x-auth-token",
								"value": "{{auth-token}}",
								"type": "text"
							}
						],
						"body": {
							"mode": "urlencoded",
							"urlencoded": [
								{
									"key": "oldPassword",
									"value": "123",
									"type": "text"
								},
								{
									"key": "newPassword",
									"value": "321",
									"type": "text"
								},
								{
									"key": "confirmPassword",
									"value": "321",
									"type": "text"
								}
							]
						},
						"url": {
							"raw": "{{baseUrl}}/account/change-password",
							"host": [
								"{{baseUrl}}"
							],
							"path": [
								"account",
								"change-password"
							]
						}
					},
					"response": []
				},
				{
					"name": "3.2 (token tidak diberikan)",
					"event": [
						{
							"listen": "prerequest",
							"script": {
								"id": "298118d9-fc90-4f8f-bc73-73bcbea80ed3",
								"exec": [
									"pm.sendRequest(`${pm.variables.get(\"baseUrl\")}/periksa/conflict-account/`, function (err, response) {\r",
									"    pm.expect(response.code).equals(200);\r",
									"});\r",
									"pm.sendRequest(`${pm.variables.get(\"baseUrl\")}/periksa/get-token/`, function (err, response) {\r",
									"    pm.expect(response.code).equals(200);\r",
									"    pm.variables.set(\"auth-token\", response.text());\r",
									"    pm.variables.set(\"account\", JSON.parse(atob(response.text().split(\".\")[1])));\r",
									"});"
								],
								"type": "text/javascript"
							}
						},
						{
							"listen": "test",
							"script": {
								"id": "b65a0d94-f8aa-462a-9256-009a4282c867",
								"exec": [
									"pm.test(\"Status code is 401\", function () {\r",
									"    pm.response.to.have.status(401);\r",
									"});\r",
									"pm.test(\"Pesan error benar\", function () {\r",
									"    pm.expect(pm.response.text()).equals(\"Token tidak ditemukan!\");\r",
									"});"
								],
								"type": "text/javascript"
							}
						}
					],
					"request": {
						"method": "PUT",
						"header": [
							{
								"key": "x-auth-token",
								"value": "{{auth-token}}",
								"type": "text",
								"disabled": true
							}
						],
						"body": {
							"mode": "urlencoded",
							"urlencoded": [
								{
									"key": "oldPassword",
									"value": "123",
									"type": "text"
								},
								{
									"key": "newPassword",
									"value": "321",
									"type": "text"
								},
								{
									"key": "confirmPassword",
									"value": "321",
									"type": "text"
								}
							]
						},
						"url": {
							"raw": "{{baseUrl}}/account/change-password",
							"host": [
								"{{baseUrl}}"
							],
							"path": [
								"account",
								"change-password"
							]
						}
					},
					"response": []
				},
				{
					"name": "3.3 (invalid token)",
					"event": [
						{
							"listen": "prerequest",
							"script": {
								"id": "52042ba2-89ba-482a-8908-1dcb5b3b2304",
								"exec": [
									"pm.sendRequest(`${pm.variables.get(\"baseUrl\")}/periksa/conflict-account/`, function (err, response) {\r",
									"    pm.expect(response.code).equals(200);\r",
									"});\r",
									"pm.sendRequest(`${pm.variables.get(\"baseUrl\")}/periksa/get-token-invalid/`, function (err, response) {\r",
									"    pm.expect(response.code).equals(200);\r",
									"    pm.variables.set(\"auth-token\", response.text());\r",
									"    pm.variables.set(\"account\", JSON.parse(atob(response.text().split(\".\")[1])));\r",
									"});"
								],
								"type": "text/javascript"
							}
						},
						{
							"listen": "test",
							"script": {
								"id": "092615e2-af84-4daa-83fb-f645d7801e5e",
								"exec": [
									"pm.test(\"Status code is 400\", function () {\r",
									"    pm.response.to.have.status(400);\r",
									"});\r",
									"pm.test(\"Pesan error benar\", function () {\r",
									"    pm.expect(pm.response.text()).equals(\"Token tidak valid!\");\r",
									"});"
								],
								"type": "text/javascript"
							}
						}
					],
					"request": {
						"method": "PUT",
						"header": [
							{
								"key": "x-auth-token",
								"type": "text",
								"value": "{{auth-token}}"
							}
						],
						"body": {
							"mode": "urlencoded",
							"urlencoded": [
								{
									"key": "oldPassword",
									"value": "123",
									"type": "text"
								},
								{
									"key": "newPassword",
									"value": "321",
									"type": "text"
								},
								{
									"key": "confirmPassword",
									"value": "321",
									"type": "text"
								}
							]
						},
						"url": {
							"raw": "{{baseUrl}}/account/change-password",
							"host": [
								"{{baseUrl}}"
							],
							"path": [
								"account",
								"change-password"
							]
						}
					},
					"response": []
				},
				{
					"name": "3.4 (password lama salah)",
					"event": [
						{
							"listen": "prerequest",
							"script": {
								"id": "0bc72470-8d54-4b62-9a77-b96b94fa7a8c",
								"exec": [
									"pm.sendRequest(`${pm.variables.get(\"baseUrl\")}/periksa/conflict-account/`, function (err, response) {\r",
									"    pm.expect(response.code).equals(200);\r",
									"});\r",
									"pm.sendRequest(`${pm.variables.get(\"baseUrl\")}/periksa/get-token/`, function (err, response) {\r",
									"    pm.expect(response.code).equals(200);\r",
									"    pm.variables.set(\"auth-token\", response.text());\r",
									"    pm.variables.set(\"account\", JSON.parse(atob(response.text().split(\".\")[1])));\r",
									"});"
								],
								"type": "text/javascript"
							}
						},
						{
							"listen": "test",
							"script": {
								"id": "05862f2f-b8a7-44c8-83a7-af91bc465a50",
								"exec": [
									"pm.test(\"Status code is 400\", function () {\r",
									"    pm.response.to.have.status(400);\r",
									"});\r",
									"pm.test(\"Pesan error benar\", function () {\r",
									"    pm.expect(pm.response.text()).equals(\"Username atau password salah!\");\r",
									"});"
								],
								"type": "text/javascript"
							}
						}
					],
					"request": {
						"method": "PUT",
						"header": [
							{
								"key": "x-auth-token",
								"type": "text",
								"value": "{{auth-token}}"
							}
						],
						"body": {
							"mode": "urlencoded",
							"urlencoded": [
								{
									"key": "oldPassword",
									"value": "1233",
									"type": "text"
								},
								{
									"key": "newPassword",
									"value": "321",
									"type": "text"
								},
								{
									"key": "confirmPassword",
									"value": "321",
									"type": "text"
								}
							]
						},
						"url": {
							"raw": "{{baseUrl}}/account/change-password",
							"host": [
								"{{baseUrl}}"
							],
							"path": [
								"account",
								"change-password"
							]
						}
					},
					"response": []
				},
				{
					"name": "3.5 (password dan confirm berbeda)",
					"event": [
						{
							"listen": "prerequest",
							"script": {
								"id": "d24f6100-d044-4993-9a25-b8310f50358f",
								"exec": [
									"pm.sendRequest(`${pm.variables.get(\"baseUrl\")}/periksa/conflict-account/`, function (err, response) {\r",
									"    pm.expect(response.code).equals(200);\r",
									"});\r",
									"pm.sendRequest(`${pm.variables.get(\"baseUrl\")}/periksa/get-token/`, function (err, response) {\r",
									"    pm.expect(response.code).equals(200);\r",
									"    pm.variables.set(\"auth-token\", response.text());\r",
									"    pm.variables.set(\"account\", JSON.parse(atob(response.text().split(\".\")[1])));\r",
									"});"
								],
								"type": "text/javascript"
							}
						},
						{
							"listen": "test",
							"script": {
								"id": "ecb5c787-1180-44ec-a915-e33174d11de1",
								"exec": [
									"pm.test(\"Status code is 400\", function () {\r",
									"    pm.response.to.have.status(400);\r",
									"});\r",
									"pm.test(\"Pesan error benar\", function () {\r",
									"    pm.expect(pm.response.text()).equals(\"Password tidak sama dengan confirm password!\");\r",
									"});"
								],
								"type": "text/javascript"
							}
						}
					],
					"request": {
						"method": "PUT",
						"header": [
							{
								"key": "x-auth-token",
								"type": "text",
								"value": "{{auth-token}}"
							}
						],
						"body": {
							"mode": "urlencoded",
							"urlencoded": [
								{
									"key": "oldPassword",
									"value": "123",
									"type": "text"
								},
								{
									"key": "newPassword",
									"value": "321",
									"type": "text"
								},
								{
									"key": "confirmPassword",
									"value": "3211",
									"type": "text"
								}
							]
						},
						"url": {
							"raw": "{{baseUrl}}/account/change-password",
							"host": [
								"{{baseUrl}}"
							],
							"path": [
								"account",
								"change-password"
							]
						}
					},
					"response": []
				}
			],
			"protocolProfileBehavior": {}
		},
		{
			"name": "4 (/barang/all)",
			"item": [
				{
					"name": "4.1 (list semua barang)",
					"event": [
						{
							"listen": "prerequest",
							"script": {
								"id": "7921f937-1b38-4370-a326-a631a6e0c236",
								"exec": [
									""
								],
								"type": "text/javascript"
							}
						},
						{
							"listen": "test",
							"script": {
								"id": "63ad8c98-61b1-4f5a-990d-09987f78da9b",
								"exec": [
									"pm.test(\"Status code is 200\", function () {\r",
									"    pm.response.to.have.status(200);\r",
									"});\r",
									"pm.test(\"List benar\", function () {\r",
									"    pm.sendRequest(`${pm.variables.get(\"baseUrl\")}/periksa/all-barang/`, function (err, response) {\r",
									"        pm.expect(response.text()).equals(pm.response.text());\r",
									"    });\r",
									"});"
								],
								"type": "text/javascript"
							}
						}
					],
					"request": {
						"method": "GET",
						"header": [],
						"url": {
							"raw": "{{baseUrl}}/barang/all",
							"host": [
								"{{baseUrl}}"
							],
							"path": [
								"barang",
								"all"
							]
						}
					},
					"response": []
				}
			],
			"protocolProfileBehavior": {}
		},
		{
			"name": "5 (/barang/search)",
			"item": [
				{
					"name": "5.1 (search barang sukses)",
					"event": [
						{
							"listen": "prerequest",
							"script": {
								"id": "e479907b-fa7f-40d7-8d5d-4995ad1d312b",
								"exec": [
									""
								],
								"type": "text/javascript"
							}
						},
						{
							"listen": "test",
							"script": {
								"id": "70be428e-c258-40f6-aca5-4e5a35543c0f",
								"exec": [
									"pm.test(\"Status code is 200\", function () {\r",
									"    pm.response.to.have.status(200);\r",
									"});\r",
									"pm.test(\"List benar\", function () {\r",
									"    pm.sendRequest(`${pm.variables.get(\"baseUrl\")}/periksa/search-barang?keyword=bread`, function (err, response) {\r",
									"        pm.expect(response.text()).equals(pm.response.text());\r",
									"    });\r",
									"});"
								],
								"type": "text/javascript"
							}
						}
					],
					"request": {
						"method": "GET",
						"header": [],
						"url": {
							"raw": "{{baseUrl}}/barang/search?keyword=bread",
							"host": [
								"{{baseUrl}}"
							],
							"path": [
								"barang",
								"search"
							],
							"query": [
								{
									"key": "keyword",
									"value": "bread"
								}
							]
						}
					},
					"response": []
				},
				{
					"name": "5.2 (search barang tanpa keyword)",
					"event": [
						{
							"listen": "prerequest",
							"script": {
								"id": "4962768b-4929-409b-8bf6-db19ad2d1261",
								"exec": [
									""
								],
								"type": "text/javascript"
							}
						},
						{
							"listen": "test",
							"script": {
								"id": "a9402759-ee83-48a2-921b-23e87276a786",
								"exec": [
									"pm.test(\"Status code is 200\", function () {\r",
									"    pm.response.to.have.status(200);\r",
									"});\r",
									"pm.test(\"List benar\", function () {\r",
									"    pm.sendRequest(`${pm.variables.get(\"baseUrl\")}/periksa/search-barang/`, function (err, response) {\r",
									"        pm.expect(response.text()).equals(pm.response.text());\r",
									"    });\r",
									"});"
								],
								"type": "text/javascript"
							}
						}
					],
					"request": {
						"method": "GET",
						"header": [],
						"url": {
							"raw": "{{baseUrl}}/barang/search",
							"host": [
								"{{baseUrl}}"
							],
							"path": [
								"barang",
								"search"
							]
						}
					},
					"response": []
				},
				{
					"name": "5.3 (search barang tidak ditemukan)",
					"event": [
						{
							"listen": "prerequest",
							"script": {
								"id": "7af91006-683d-4a90-86cd-a3a32c9a7ea0",
								"exec": [
									"pm.sendRequest(`${pm.variables.get(\"baseUrl\")}/periksa/barang-force-not-found/asdfasdfasdf`, function (err, response) {\r",
									"    pm.expect(response.code).equals(200);\r",
									"});"
								],
								"type": "text/javascript"
							}
						},
						{
							"listen": "test",
							"script": {
								"id": "74941d60-cabc-49ff-b6ef-4368537bd0ea",
								"exec": [
									"pm.test(\"Status code is 404\", function () {\r",
									"    pm.response.to.have.status(404);\r",
									"});\r",
									"pm.test(\"Error message benar\", function () {\r",
									"    pm.expect(pm.response.text()).equals(\"Tidak ada barang yang memenuhi kriteria!\");\r",
									"});"
								],
								"type": "text/javascript"
							}
						}
					],
					"request": {
						"method": "GET",
						"header": [],
						"url": {
							"raw": "{{baseUrl}}/barang/search?keyword=asdfasdfasdf",
							"host": [
								"{{baseUrl}}"
							],
							"path": [
								"barang",
								"search"
							],
							"query": [
								{
									"key": "keyword",
									"value": "asdfasdfasdf"
								}
							]
						}
					},
					"response": []
				}
			],
			"protocolProfileBehavior": {}
		},
		{
			"name": "6 (/barang/)",
			"item": [
				{
					"name": "6.1 (tambah barang sukses)",
					"event": [
						{
							"listen": "prerequest",
							"script": {
								"id": "0e35e246-58c5-4e76-8491-1e4e191158de",
								"exec": [
									"pm.sendRequest(`${pm.variables.get(\"baseUrl\")}/periksa/conflict-account/`, function (err, response) {\r",
									"    pm.expect(response.code).equals(200);\r",
									"});\r",
									"pm.sendRequest(`${pm.variables.get(\"baseUrl\")}/periksa/get-token/`, function (err, response) {\r",
									"    pm.expect(response.code).equals(200);\r",
									"    pm.variables.set(\"auth-token\", response.text());\r",
									"    pm.variables.set(\"account\", JSON.parse(atob(response.text().split(\".\")[1])));\r",
									"});"
								],
								"type": "text/javascript"
							}
						},
						{
							"listen": "test",
							"script": {
								"id": "eb81e144-30d3-4782-b72a-11d0201468de",
								"exec": [
									"pm.test(\"Status code is 201\", function () {\r",
									"    pm.response.to.have.status(201);\r",
									"});\r",
									"const res0 = pm.response.json();\r",
									"pm.sendRequest(`${pm.variables.get(\"baseUrl\")}/periksa/get-barang/${res0.id}`, function (err, response) {\r",
									"    const res1 = response.json();\r",
									"    pm.test(\"Insert successful\", function(){\r",
									"        pm.expect(response.code).equals(200);\r",
									"    });\r",
									"    pm.test(\"Data correct\", function(){\r",
									"        const account = pm.variables.get(\"account\");\r",
									"        console.log(res0);\r",
									"        console.log(res1);\r",
									"        pm.expect(res0.id == res1.id).equals(true);\r",
									"        pm.expect(res0.nama == res1.nama).equals(true);\r",
									"        pm.expect(res0.berat == res1.berat).equals(true);\r",
									"        pm.expect(res0.harga == res1.harga).equals(true);\r",
									"        pm.expect(res0.mata_uang == res1.mata_uang).equals(true);\r",
									"        pm.expect(res0.account_id == account.id).equals(true);\r",
									"    });\r",
									"});"
								],
								"type": "text/javascript"
							}
						}
					],
					"request": {
						"method": "POST",
						"header": [
							{
								"key": "x-auth-token",
								"value": "{{auth-token}}",
								"type": "text"
							}
						],
						"body": {
							"mode": "urlencoded",
							"urlencoded": [
								{
									"key": "nama",
									"value": "barang0",
									"type": "text"
								},
								{
									"key": "berat",
									"value": "200",
									"type": "text"
								},
								{
									"key": "mataUang",
									"value": "0",
									"type": "text"
								},
								{
									"key": "harga",
									"value": "23000",
									"type": "text"
								}
							]
						},
						"url": {
							"raw": "{{baseUrl}}/barang/",
							"host": [
								"{{baseUrl}}"
							],
							"path": [
								"barang",
								""
							]
						}
					},
					"response": []
				},
				{
					"name": "6.2 (tidak ada token)",
					"event": [
						{
							"listen": "prerequest",
							"script": {
								"id": "1c64d693-604c-4a88-8b4b-ab82a67481be",
								"exec": [
									"pm.sendRequest(`${pm.variables.get(\"baseUrl\")}/periksa/conflict-account/`, function (err, response) {\r",
									"    pm.expect(response.code).equals(200);\r",
									"});\r",
									"pm.sendRequest(`${pm.variables.get(\"baseUrl\")}/periksa/get-token/`, function (err, response) {\r",
									"    pm.expect(response.code).equals(200);\r",
									"    pm.variables.set(\"auth-token\", response.text());\r",
									"    pm.variables.set(\"account\", JSON.parse(atob(response.text().split(\".\")[1])));\r",
									"});\r",
									"pm.sendRequest(`${pm.variables.get(\"baseUrl\")}/periksa/barang-force-not-found/barang0`, function (err, response) {\r",
									"    pm.expect(response.code).equals(200);\r",
									"});"
								],
								"type": "text/javascript"
							}
						},
						{
							"listen": "test",
							"script": {
								"id": "13894dbe-b7f9-46a1-aba7-5d505975cb7c",
								"exec": [
									"pm.test(\"Status code is 401\", function () {\r",
									"    pm.response.to.have.status(401);\r",
									"});\r",
									"pm.test(\"Pesan error benar\", function () {\r",
									"    pm.expect(pm.response.text()).equals(\"Token tidak ditemukan!\");\r",
									"});\r",
									"pm.sendRequest(`${pm.variables.get(\"baseUrl\")}/periksa/get-barang-nama/barang0`, function (err, response) {\r",
									"    pm.test(\"Data tidak terbuat\", function () {\r",
									"        pm.expect(response.code).equals(404);\r",
									"    });\r",
									"});"
								],
								"type": "text/javascript"
							}
						}
					],
					"request": {
						"method": "POST",
						"header": [
							{
								"key": "x-auth-token",
								"value": "{{auth-token}}",
								"type": "text",
								"disabled": true
							}
						],
						"body": {
							"mode": "urlencoded",
							"urlencoded": [
								{
									"key": "nama",
									"value": "barang0",
									"type": "text"
								},
								{
									"key": "berat",
									"value": "200",
									"type": "text"
								},
								{
									"key": "mataUang",
									"value": "0",
									"type": "text"
								},
								{
									"key": "harga",
									"value": "23000",
									"type": "text"
								}
							]
						},
						"url": {
							"raw": "{{baseUrl}}/barang/",
							"host": [
								"{{baseUrl}}"
							],
							"path": [
								"barang",
								""
							]
						}
					},
					"response": []
				},
				{
					"name": "6.3 (token invalid)",
					"event": [
						{
							"listen": "prerequest",
							"script": {
								"id": "282e14f2-3a4b-4425-a301-02f5e1c9c859",
								"exec": [
									"pm.sendRequest(`${pm.variables.get(\"baseUrl\")}/periksa/conflict-account/`, function (err, response) {\r",
									"    pm.expect(response.code).equals(200);\r",
									"});\r",
									"pm.sendRequest(`${pm.variables.get(\"baseUrl\")}/periksa/get-token-invalid/`, function (err, response) {\r",
									"    pm.expect(response.code).equals(200);\r",
									"    pm.variables.set(\"auth-token\", response.text());\r",
									"    pm.variables.set(\"account\", JSON.parse(atob(response.text().split(\".\")[1])));\r",
									"});\r",
									"pm.sendRequest(`${pm.variables.get(\"baseUrl\")}/periksa/barang-force-not-found/barang0`, function (err, response) {\r",
									"    pm.expect(response.code).equals(200);\r",
									"});"
								],
								"type": "text/javascript"
							}
						},
						{
							"listen": "test",
							"script": {
								"id": "93342c1f-4e33-431e-b5a5-ae179d4a021a",
								"exec": [
									"pm.test(\"Status code is 400\", function () {\r",
									"    pm.response.to.have.status(400);\r",
									"});\r",
									"pm.test(\"Pesan error benar\", function () {\r",
									"    pm.expect(pm.response.text()).equals(\"Token tidak valid!\");\r",
									"});\r",
									"pm.sendRequest(`${pm.variables.get(\"baseUrl\")}/periksa/get-barang-nama/barang0`, function (err, response) {\r",
									"    pm.test(\"Data tidak terbuat\", function () {\r",
									"        pm.expect(response.code).equals(404);\r",
									"    });\r",
									"});"
								],
								"type": "text/javascript"
							}
						}
					],
					"request": {
						"method": "POST",
						"header": [
							{
								"key": "x-auth-token",
								"value": "{{auth-token}}",
								"type": "text"
							}
						],
						"body": {
							"mode": "urlencoded",
							"urlencoded": [
								{
									"key": "nama",
									"value": "barang0",
									"type": "text"
								},
								{
									"key": "berat",
									"value": "200",
									"type": "text"
								},
								{
									"key": "mataUang",
									"value": "0",
									"type": "text"
								},
								{
									"key": "harga",
									"value": "23000",
									"type": "text"
								}
							]
						},
						"url": {
							"raw": "{{baseUrl}}/barang/",
							"host": [
								"{{baseUrl}}"
							],
							"path": [
								"barang",
								""
							]
						}
					},
					"response": []
				},
				{
					"name": "6.4 (mata uang salah)",
					"event": [
						{
							"listen": "prerequest",
							"script": {
								"id": "e8eb55d9-1797-468e-966a-56a8e5ed43ce",
								"exec": [
									"pm.sendRequest(`${pm.variables.get(\"baseUrl\")}/periksa/conflict-account/`, function (err, response) {\r",
									"    pm.expect(response.code).equals(200);\r",
									"});\r",
									"pm.sendRequest(`${pm.variables.get(\"baseUrl\")}/periksa/get-token/`, function (err, response) {\r",
									"    pm.expect(response.code).equals(200);\r",
									"    pm.variables.set(\"auth-token\", response.text());\r",
									"    pm.variables.set(\"account\", JSON.parse(atob(response.text().split(\".\")[1])));\r",
									"});\r",
									"pm.sendRequest(`${pm.variables.get(\"baseUrl\")}/periksa/barang-force-not-found/barang0`, function (err, response) {\r",
									"    pm.expect(response.code).equals(200);\r",
									"});\r",
									"pm.sendRequest(`${pm.variables.get(\"baseUrl\")}/periksa/get-barang-nama/barang0`, function (err, response) {\r",
									"    pm.test(\"Data tidak terbuat\", function () {\r",
									"        pm.expect(response.code).equals(404);\r",
									"    });\r",
									"});"
								],
								"type": "text/javascript"
							}
						},
						{
							"listen": "test",
							"script": {
								"id": "8570db63-5a1b-4a97-afc4-46ac6e0c8c20",
								"exec": [
									"pm.test(\"Status code is 400\", function () {\r",
									"    pm.response.to.have.status(400);\r",
									"});\r",
									"pm.test(\"Pesan error benar\", function () {\r",
									"    pm.expect(pm.response.text()).equals(\"Mata uang yang boleh diberikan hanya 0 (IDR) dan 1 (USD)!\");\r",
									"});"
								],
								"type": "text/javascript"
							}
						}
					],
					"request": {
						"method": "POST",
						"header": [
							{
								"key": "x-auth-token",
								"type": "text",
								"value": "{{auth-token}}"
							}
						],
						"body": {
							"mode": "urlencoded",
							"urlencoded": [
								{
									"key": "nama",
									"value": "barang0",
									"type": "text"
								},
								{
									"key": "berat",
									"value": "200",
									"type": "text"
								},
								{
									"key": "mataUang",
									"value": "2",
									"type": "text"
								},
								{
									"key": "harga",
									"value": "23000",
									"type": "text"
								}
							]
						},
						"url": {
							"raw": "{{baseUrl}}/barang/",
							"host": [
								"{{baseUrl}}"
							],
							"path": [
								"barang",
								""
							]
						}
					},
					"response": []
				}
			],
			"protocolProfileBehavior": {}
		},
		{
			"name": "7 (/barang/:id)",
			"item": [
				{
					"name": "7.1 (ubah barang lengkap sukses)",
					"event": [
						{
							"listen": "prerequest",
							"script": {
								"id": "6ffa2178-8ce3-4c06-921a-776f9aaedd6b",
								"exec": [
									"pm.sendRequest(`${pm.variables.get(\"baseUrl\")}/periksa/conflict-account/`, function (err, response) {\r",
									"    pm.expect(response.code).equals(200);\r",
									"});\r",
									"pm.sendRequest(`${pm.variables.get(\"baseUrl\")}/periksa/barang-force-not-found/barang`, function (err, response) {\r",
									"    pm.expect(response.code).equals(200);\r",
									"});\r",
									"pm.sendRequest(`${pm.variables.get(\"baseUrl\")}/periksa/get-token/`, function (err, response) {\r",
									"    pm.expect(response.code).equals(200);\r",
									"    pm.variables.set(\"auth-token\", response.text());\r",
									"    pm.variables.set(\"account\", JSON.parse(atob(response.text().split(\".\")[1])));\r",
									"    pm.sendRequest(`${pm.variables.get(\"baseUrl\")}/periksa/insert-barang/${pm.variables.get(\"account\")[\"id\"]}`, function (err, response) {\r",
									"        pm.expect(response.code).equals(200);\r",
									"        pm.variables.set(\"barang-id\", response.text());\r",
									"    });\r",
									"});"
								],
								"type": "text/javascript"
							}
						},
						{
							"listen": "test",
							"script": {
								"id": "39ba335c-0a65-42b8-91e6-38e95fa2ad01",
								"exec": [
									"pm.test(\"Status code is 200\", function () {\r",
									"    pm.response.to.have.status(200);\r",
									"});\r",
									"const res0 = pm.response.json();\r",
									"pm.sendRequest(`${pm.variables.get(\"baseUrl\")}/periksa/get-barang/${pm.variables.get(\"barang-id\")}`, function (err, response) {\r",
									"    const res1 = response.json();\r",
									"    pm.test(\"Insert successful\", function(){\r",
									"        pm.expect(response.code).equals(200);\r",
									"    });\r",
									"    pm.test(\"Data correct\", function(){\r",
									"        const account = pm.variables.get(\"account\");\r",
									"        console.log(res0);\r",
									"        console.log(res1);\r",
									"        pm.expect(res0.nama == res1.nama).equals(true);\r",
									"        pm.expect(res0.berat == res1.berat).equals(true);\r",
									"        pm.expect(res0.harga == res1.harga).equals(true);\r",
									"        pm.expect(res0.mata_uang == res1.mata_uang).equals(true);\r",
									"        pm.expect(res0.account_id == account.id).equals(true);\r",
									"\r",
									"        pm.expect(\"barang1\" == res1.nama).equals(true);\r",
									"        pm.expect(200 == res1.berat).equals(true);\r",
									"        pm.expect(15 == res1.harga).equals(true);\r",
									"        pm.expect(1 == res1.mata_uang).equals(true);\r",
									"        pm.expect(res1.account_id == account.id).equals(true);\r",
									"    });\r",
									"});"
								],
								"type": "text/javascript"
							}
						}
					],
					"request": {
						"method": "PUT",
						"header": [
							{
								"key": "x-auth-token",
								"type": "text",
								"value": "{{auth-token}}"
							}
						],
						"body": {
							"mode": "urlencoded",
							"urlencoded": [
								{
									"key": "nama",
									"value": "barang1",
									"type": "text"
								},
								{
									"key": "berat",
									"value": "200",
									"type": "text"
								},
								{
									"key": "mataUang",
									"value": "1",
									"type": "text"
								},
								{
									"key": "harga",
									"value": "15",
									"type": "text"
								}
							]
						},
						"url": {
							"raw": "{{baseUrl}}/barang/{{barang-id}}",
							"host": [
								"{{baseUrl}}"
							],
							"path": [
								"barang",
								"{{barang-id}}"
							]
						}
					},
					"response": []
				},
				{
					"name": "7.2 (ubah barang tidak lengkap 1 sukses)",
					"event": [
						{
							"listen": "prerequest",
							"script": {
								"id": "29984450-8713-456b-b1e5-5040d30d58bd",
								"exec": [
									"pm.sendRequest(`${pm.variables.get(\"baseUrl\")}/periksa/conflict-account/`, function (err, response) {\r",
									"    pm.expect(response.code).equals(200);\r",
									"});\r",
									"pm.sendRequest(`${pm.variables.get(\"baseUrl\")}/periksa/barang-force-not-found/barang`, function (err, response) {\r",
									"    pm.expect(response.code).equals(200);\r",
									"});\r",
									"pm.sendRequest(`${pm.variables.get(\"baseUrl\")}/periksa/get-token/`, function (err, response) {\r",
									"    pm.expect(response.code).equals(200);\r",
									"    pm.variables.set(\"auth-token\", response.text());\r",
									"    pm.variables.set(\"account\", JSON.parse(atob(response.text().split(\".\")[1])));\r",
									"    pm.sendRequest(`${pm.variables.get(\"baseUrl\")}/periksa/insert-barang/${pm.variables.get(\"account\")[\"id\"]}`, function (err, response) {\r",
									"        pm.expect(response.code).equals(200);\r",
									"        pm.variables.set(\"barang-id\", response.text());\r",
									"    });\r",
									"});"
								],
								"type": "text/javascript"
							}
						},
						{
							"listen": "test",
							"script": {
								"id": "e7279802-8acc-4352-b5c3-23cfbcbd20ee",
								"exec": [
									"pm.test(\"Status code is 200\", function () {\r",
									"    pm.response.to.have.status(200);\r",
									"});\r",
									"const res0 = pm.response.json();\r",
									"pm.sendRequest(`${pm.variables.get(\"baseUrl\")}/periksa/get-barang/${pm.variables.get(\"barang-id\")}`, function (err, response) {\r",
									"    const res1 = response.json();\r",
									"    pm.test(\"Insert successful\", function(){\r",
									"        pm.expect(response.code).equals(200);\r",
									"    });\r",
									"    pm.test(\"Data correct\", function(){\r",
									"        const account = pm.variables.get(\"account\");\r",
									"        console.log(res0);\r",
									"        console.log(res1);\r",
									"        pm.expect(res0.nama == res1.nama).equals(true);\r",
									"        pm.expect(res0.berat == res1.berat).equals(true);\r",
									"        pm.expect(res0.harga == res1.harga).equals(true);\r",
									"        pm.expect(res0.mata_uang == res1.mata_uang).equals(true);\r",
									"        pm.expect(res0.account_id == account.id).equals(true);\r",
									"\r",
									"        pm.expect(\"barang0\" == res1.nama).equals(true);\r",
									"        pm.expect(123 == res1.berat).equals(true);\r",
									"        pm.expect(15 == res1.harga).equals(true);\r",
									"        pm.expect(1 == res1.mata_uang).equals(true);\r",
									"        pm.expect(res1.account_id == account.id).equals(true);\r",
									"    });\r",
									"});"
								],
								"type": "text/javascript"
							}
						}
					],
					"request": {
						"method": "PUT",
						"header": [
							{
								"key": "x-auth-token",
								"type": "text",
								"value": "{{auth-token}}"
							}
						],
						"body": {
							"mode": "urlencoded",
							"urlencoded": [
								{
									"key": "nama",
									"value": "barang1",
									"type": "text",
									"disabled": true
								},
								{
									"key": "berat",
									"value": "200",
									"type": "text",
									"disabled": true
								},
								{
									"key": "mataUang",
									"value": "1",
									"type": "text"
								},
								{
									"key": "harga",
									"value": "15",
									"type": "text"
								}
							]
						},
						"url": {
							"raw": "{{baseUrl}}/barang/{{barang-id}}",
							"host": [
								"{{baseUrl}}"
							],
							"path": [
								"barang",
								"{{barang-id}}"
							]
						}
					},
					"response": []
				},
				{
					"name": "7.3 (ubah barang tidak lengkap 2 sukses)",
					"event": [
						{
							"listen": "prerequest",
							"script": {
								"id": "7b27b103-095c-47fd-896b-6f01f5ab5a2a",
								"exec": [
									"pm.sendRequest(`${pm.variables.get(\"baseUrl\")}/periksa/conflict-account/`, function (err, response) {\r",
									"    pm.expect(response.code).equals(200);\r",
									"});\r",
									"pm.sendRequest(`${pm.variables.get(\"baseUrl\")}/periksa/barang-force-not-found/barang`, function (err, response) {\r",
									"    pm.expect(response.code).equals(200);\r",
									"});\r",
									"pm.sendRequest(`${pm.variables.get(\"baseUrl\")}/periksa/get-token/`, function (err, response) {\r",
									"    pm.expect(response.code).equals(200);\r",
									"    pm.variables.set(\"auth-token\", response.text());\r",
									"    pm.variables.set(\"account\", JSON.parse(atob(response.text().split(\".\")[1])));\r",
									"    pm.sendRequest(`${pm.variables.get(\"baseUrl\")}/periksa/insert-barang/${pm.variables.get(\"account\")[\"id\"]}`, function (err, response) {\r",
									"        pm.expect(response.code).equals(200);\r",
									"        pm.variables.set(\"barang-id\", response.text());\r",
									"    });\r",
									"});"
								],
								"type": "text/javascript"
							}
						},
						{
							"listen": "test",
							"script": {
								"id": "169defb7-1c4b-43b5-9650-9f007ae949d1",
								"exec": [
									"pm.test(\"Status code is 200\", function () {\r",
									"    pm.response.to.have.status(200);\r",
									"});\r",
									"const res0 = pm.response.json();\r",
									"pm.sendRequest(`${pm.variables.get(\"baseUrl\")}/periksa/get-barang/${pm.variables.get(\"barang-id\")}`, function (err, response) {\r",
									"    const res1 = response.json();\r",
									"    pm.test(\"Insert successful\", function(){\r",
									"        pm.expect(response.code).equals(200);\r",
									"    });\r",
									"    pm.test(\"Data correct\", function(){\r",
									"        const account = pm.variables.get(\"account\");\r",
									"        console.log(res0);\r",
									"        console.log(res1);\r",
									"        pm.expect(res0.nama == res1.nama).equals(true);\r",
									"        pm.expect(res0.berat == res1.berat).equals(true);\r",
									"        pm.expect(res0.harga == res1.harga).equals(true);\r",
									"        pm.expect(res0.mata_uang == res1.mata_uang).equals(true);\r",
									"        pm.expect(res0.account_id == account.id).equals(true);\r",
									"\r",
									"        pm.expect(\"barang1\" == res1.nama).equals(true);\r",
									"        pm.expect(200 == res1.berat).equals(true);\r",
									"        pm.expect(123 == res1.harga).equals(true);\r",
									"        pm.expect(0 == res1.mata_uang).equals(true);\r",
									"        pm.expect(res1.account_id == account.id).equals(true);\r",
									"    });\r",
									"});"
								],
								"type": "text/javascript"
							}
						}
					],
					"request": {
						"method": "PUT",
						"header": [
							{
								"key": "x-auth-token",
								"type": "text",
								"value": "{{auth-token}}"
							}
						],
						"body": {
							"mode": "urlencoded",
							"urlencoded": [
								{
									"key": "nama",
									"value": "barang1",
									"type": "text"
								},
								{
									"key": "berat",
									"value": "200",
									"type": "text"
								},
								{
									"key": "mataUang",
									"value": "1",
									"type": "text",
									"disabled": true
								},
								{
									"key": "harga",
									"value": "15",
									"type": "text",
									"disabled": true
								}
							]
						},
						"url": {
							"raw": "{{baseUrl}}/barang/{{barang-id}}",
							"host": [
								"{{baseUrl}}"
							],
							"path": [
								"barang",
								"{{barang-id}}"
							]
						}
					},
					"response": []
				},
				{
					"name": "7.4 (token tidak ada)",
					"event": [
						{
							"listen": "prerequest",
							"script": {
								"id": "56733370-7c84-419c-b759-1e5629b96c90",
								"exec": [
									"pm.sendRequest(`${pm.variables.get(\"baseUrl\")}/periksa/conflict-account/`, function (err, response) {\r",
									"    pm.expect(response.code).equals(200);\r",
									"});\r",
									"pm.sendRequest(`${pm.variables.get(\"baseUrl\")}/periksa/barang-force-not-found/barang`, function (err, response) {\r",
									"    pm.expect(response.code).equals(200);\r",
									"});\r",
									"pm.sendRequest(`${pm.variables.get(\"baseUrl\")}/periksa/get-token/`, function (err, response) {\r",
									"    pm.expect(response.code).equals(200);\r",
									"    pm.variables.set(\"auth-token\", response.text());\r",
									"    pm.variables.set(\"account\", JSON.parse(atob(response.text().split(\".\")[1])));\r",
									"    pm.sendRequest(`${pm.variables.get(\"baseUrl\")}/periksa/insert-barang/${pm.variables.get(\"account\")[\"id\"]}`, function (err, response) {\r",
									"        pm.expect(response.code).equals(200);\r",
									"        pm.variables.set(\"barang-id\", response.text());\r",
									"    });\r",
									"});"
								],
								"type": "text/javascript"
							}
						},
						{
							"listen": "test",
							"script": {
								"id": "947a281b-8509-4006-b6a7-b834b2f363b9",
								"exec": [
									"pm.test(\"Status code is 401\", function () {\r",
									"    pm.response.to.have.status(401);\r",
									"});\r",
									"pm.test(\"Pesan error benar\", function () {\r",
									"    pm.expect(pm.response.text()).equals(\"Token tidak ditemukan!\");\r",
									"});\r",
									"pm.sendRequest(`${pm.variables.get(\"baseUrl\")}/periksa/get-barang/${pm.variables.get(\"barang-id\")}`, function (err, response) {\r",
									"    const res1 = response.json();\r",
									"    pm.test(\"Data tidak berubah\", function(){\r",
									"        const account = pm.variables.get(\"account\");\r",
									"        console.log(res1);\r",
									"        pm.expect(\"barang0\" == res1.nama).equals(true);\r",
									"        pm.expect(123 == res1.berat).equals(true);\r",
									"        pm.expect(123 == res1.harga).equals(true);\r",
									"        pm.expect(0 == res1.mata_uang).equals(true);\r",
									"        pm.expect(res1.account_id == account.id).equals(true);\r",
									"    });\r",
									"});"
								],
								"type": "text/javascript"
							}
						}
					],
					"request": {
						"method": "PUT",
						"header": [
							{
								"key": "x-auth-token",
								"type": "text",
								"value": "{{auth-token}}",
								"disabled": true
							}
						],
						"body": {
							"mode": "urlencoded",
							"urlencoded": [
								{
									"key": "nama",
									"value": "barang1",
									"type": "text"
								},
								{
									"key": "berat",
									"value": "200",
									"type": "text"
								},
								{
									"key": "mataUang",
									"value": "1",
									"type": "text"
								},
								{
									"key": "harga",
									"value": "15",
									"type": "text"
								}
							]
						},
						"url": {
							"raw": "{{baseUrl}}/barang/{{barang-id}}",
							"host": [
								"{{baseUrl}}"
							],
							"path": [
								"barang",
								"{{barang-id}}"
							]
						}
					},
					"response": []
				},
				{
					"name": "7.5 (token invalid)",
					"event": [
						{
							"listen": "prerequest",
							"script": {
								"id": "8ba0bde2-c15c-4c19-859e-344011b66b89",
								"exec": [
									"pm.sendRequest(`${pm.variables.get(\"baseUrl\")}/periksa/conflict-account/`, function (err, response) {\r",
									"    pm.expect(response.code).equals(200);\r",
									"});\r",
									"pm.sendRequest(`${pm.variables.get(\"baseUrl\")}/periksa/barang-force-not-found/barang`, function (err, response) {\r",
									"    pm.expect(response.code).equals(200);\r",
									"});\r",
									"pm.sendRequest(`${pm.variables.get(\"baseUrl\")}/periksa/get-token-invalid/`, function (err, response) {\r",
									"    pm.expect(response.code).equals(200);\r",
									"    pm.variables.set(\"auth-token\", response.text());\r",
									"    pm.variables.set(\"account\", JSON.parse(atob(response.text().split(\".\")[1])));\r",
									"    pm.sendRequest(`${pm.variables.get(\"baseUrl\")}/periksa/insert-barang/${pm.variables.get(\"account\")[\"id\"]}`, function (err, response) {\r",
									"        pm.expect(response.code).equals(200);\r",
									"        pm.variables.set(\"barang-id\", response.text());\r",
									"    });\r",
									"});"
								],
								"type": "text/javascript"
							}
						},
						{
							"listen": "test",
							"script": {
								"id": "67abee21-9fb5-4857-a9e1-2b5e4c1d6b45",
								"exec": [
									"pm.test(\"Status code is 400\", function () {\r",
									"    pm.response.to.have.status(400);\r",
									"});\r",
									"pm.test(\"Pesan error benar\", function () {\r",
									"    pm.expect(pm.response.text()).equals(\"Token tidak valid!\");\r",
									"});\r",
									"pm.sendRequest(`${pm.variables.get(\"baseUrl\")}/periksa/get-barang/${pm.variables.get(\"barang-id\")}`, function (err, response) {\r",
									"    const res1 = response.json();\r",
									"    pm.test(\"Data tidak berubah\", function(){\r",
									"        const account = pm.variables.get(\"account\");\r",
									"        console.log(res1);\r",
									"        pm.expect(\"barang0\" == res1.nama).equals(true);\r",
									"        pm.expect(123 == res1.berat).equals(true);\r",
									"        pm.expect(123 == res1.harga).equals(true);\r",
									"        pm.expect(0 == res1.mata_uang).equals(true);\r",
									"        pm.expect(res1.account_id == account.id).equals(true);\r",
									"    });\r",
									"});"
								],
								"type": "text/javascript"
							}
						}
					],
					"request": {
						"method": "PUT",
						"header": [
							{
								"key": "x-auth-token",
								"type": "text",
								"value": "{{auth-token}}"
							}
						],
						"body": {
							"mode": "urlencoded",
							"urlencoded": [
								{
									"key": "nama",
									"value": "barang1",
									"type": "text"
								},
								{
									"key": "berat",
									"value": "200",
									"type": "text"
								},
								{
									"key": "mataUang",
									"value": "1",
									"type": "text"
								},
								{
									"key": "harga",
									"value": "15",
									"type": "text"
								}
							]
						},
						"url": {
							"raw": "{{baseUrl}}/barang/{{barang-id}}",
							"host": [
								"{{baseUrl}}"
							],
							"path": [
								"barang",
								"{{barang-id}}"
							]
						}
					},
					"response": []
				},
				{
					"name": "7.6 (barang tidak ditemukan)",
					"event": [
						{
							"listen": "prerequest",
							"script": {
								"id": "0e0706c2-5082-4b7f-8b8e-f4dff16e978e",
								"exec": [
									"pm.sendRequest(`${pm.variables.get(\"baseUrl\")}/periksa/conflict-account/`, function (err, response) {\r",
									"    pm.expect(response.code).equals(200);\r",
									"});\r",
									"pm.sendRequest(`${pm.variables.get(\"baseUrl\")}/periksa/barang-force-not-found/barang`, function (err, response) {\r",
									"    pm.expect(response.code).equals(200);\r",
									"});\r",
									"pm.sendRequest(`${pm.variables.get(\"baseUrl\")}/periksa/get-token/`, function (err, response) {\r",
									"    pm.expect(response.code).equals(200);\r",
									"    pm.variables.set(\"auth-token\", response.text());\r",
									"    pm.variables.set(\"account\", JSON.parse(atob(response.text().split(\".\")[1])));\r",
									"});"
								],
								"type": "text/javascript"
							}
						},
						{
							"listen": "test",
							"script": {
								"id": "d78c2953-f248-4b82-9cd8-ea8be0976cdb",
								"exec": [
									"pm.test(\"Status code is 404\", function () {\r",
									"    pm.response.to.have.status(404);\r",
									"});\r",
									"pm.test(\"Pesan error benar\", function () {\r",
									"    pm.expect(pm.response.text()).equals(\"Barang tidak ditemukan!\");\r",
									"});"
								],
								"type": "text/javascript"
							}
						}
					],
					"request": {
						"method": "PUT",
						"header": [
							{
								"key": "x-auth-token",
								"type": "text",
								"value": "{{auth-token}}"
							}
						],
						"body": {
							"mode": "urlencoded",
							"urlencoded": [
								{
									"key": "nama",
									"value": "barang1",
									"type": "text"
								},
								{
									"key": "berat",
									"value": "200",
									"type": "text"
								},
								{
									"key": "mataUang",
									"value": "1",
									"type": "text"
								},
								{
									"key": "harga",
									"value": "15",
									"type": "text"
								}
							]
						},
						"url": {
							"raw": "{{baseUrl}}/barang/0",
							"host": [
								"{{baseUrl}}"
							],
							"path": [
								"barang",
								"0"
							]
						}
					},
					"response": []
				},
				{
					"name": "7.7 (barang bukan milik user)",
					"event": [
						{
							"listen": "prerequest",
							"script": {
								"id": "baa4b1fe-fed4-494d-b13f-f48447b6a6c3",
								"exec": [
									"pm.sendRequest(`${pm.variables.get(\"baseUrl\")}/periksa/conflict-account/`, function (err, response) {\r",
									"    pm.expect(response.code).equals(200);\r",
									"});\r",
									"pm.sendRequest(`${pm.variables.get(\"baseUrl\")}/periksa/barang-force-not-found/barang`, function (err, response) {\r",
									"    pm.expect(response.code).equals(200);\r",
									"});\r",
									"pm.sendRequest(`${pm.variables.get(\"baseUrl\")}/periksa/get-token/`, function (err, response) {\r",
									"    pm.expect(response.code).equals(200);\r",
									"    pm.variables.set(\"auth-token\", response.text());\r",
									"    pm.variables.set(\"account\", JSON.parse(atob(response.text().split(\".\")[1])));\r",
									"    pm.sendRequest(`${pm.variables.get(\"baseUrl\")}/periksa/insert-barang/1`, function (err, response) {\r",
									"        pm.expect(response.code).equals(200);\r",
									"        pm.variables.set(\"barang-id\", response.text());\r",
									"    });\r",
									"});"
								],
								"type": "text/javascript"
							}
						},
						{
							"listen": "test",
							"script": {
								"id": "5fd40aab-c6ec-4011-bd88-33d3be16510b",
								"exec": [
									"pm.test(\"Status code is 403\", function () {\r",
									"    pm.response.to.have.status(403);\r",
									"});\r",
									"pm.test(\"Pesan error benar\", function () {\r",
									"    pm.expect(pm.response.text()).equals(\"Barang bukan milik anda!\");\r",
									"});\r",
									"pm.sendRequest(`${pm.variables.get(\"baseUrl\")}/periksa/get-barang/${pm.variables.get(\"barang-id\")}`, function (err, response) {\r",
									"    const res1 = response.json();\r",
									"    pm.test(\"Data tidak berubah\", function(){\r",
									"        const account = pm.variables.get(\"account\");\r",
									"        console.log(res1);\r",
									"        pm.expect(\"barang0\" == res1.nama).equals(true);\r",
									"        pm.expect(123 == res1.berat).equals(true);\r",
									"        pm.expect(123 == res1.harga).equals(true);\r",
									"        pm.expect(0 == res1.mata_uang).equals(true);\r",
									"        pm.expect(res1.account_id == 1).equals(true);\r",
									"    });\r",
									"});"
								],
								"type": "text/javascript"
							}
						}
					],
					"request": {
						"method": "PUT",
						"header": [
							{
								"key": "x-auth-token",
								"type": "text",
								"value": "{{auth-token}}"
							}
						],
						"body": {
							"mode": "urlencoded",
							"urlencoded": [
								{
									"key": "nama",
									"value": "barang1",
									"type": "text"
								},
								{
									"key": "berat",
									"value": "200",
									"type": "text"
								},
								{
									"key": "mataUang",
									"value": "1",
									"type": "text"
								},
								{
									"key": "harga",
									"value": "15",
									"type": "text"
								}
							]
						},
						"url": {
							"raw": "{{baseUrl}}/barang/{{barang-id}}",
							"host": [
								"{{baseUrl}}"
							],
							"path": [
								"barang",
								"{{barang-id}}"
							]
						}
					},
					"response": []
				},
				{
					"name": "7.8 (mata uang tidak valid)",
					"event": [
						{
							"listen": "prerequest",
							"script": {
								"id": "922bb500-0f0e-44a7-8476-c3c16bcbb98e",
								"exec": [
									"pm.sendRequest(`${pm.variables.get(\"baseUrl\")}/periksa/conflict-account/`, function (err, response) {\r",
									"    pm.expect(response.code).equals(200);\r",
									"});\r",
									"pm.sendRequest(`${pm.variables.get(\"baseUrl\")}/periksa/barang-force-not-found/barang`, function (err, response) {\r",
									"    pm.expect(response.code).equals(200);\r",
									"});\r",
									"pm.sendRequest(`${pm.variables.get(\"baseUrl\")}/periksa/get-token/`, function (err, response) {\r",
									"    pm.expect(response.code).equals(200);\r",
									"    pm.variables.set(\"auth-token\", response.text());\r",
									"    pm.variables.set(\"account\", JSON.parse(atob(response.text().split(\".\")[1])));\r",
									"    pm.sendRequest(`${pm.variables.get(\"baseUrl\")}/periksa/insert-barang/${pm.variables.get(\"account\")[\"id\"]}`, function (err, response) {\r",
									"        pm.expect(response.code).equals(200);\r",
									"        pm.variables.set(\"barang-id\", response.text());\r",
									"    });\r",
									"});"
								],
								"type": "text/javascript"
							}
						},
						{
							"listen": "test",
							"script": {
								"id": "d48740f6-cf0f-4c68-9c73-bd5694d88af3",
								"exec": [
									"pm.test(\"Status code is 400\", function () {\r",
									"    pm.response.to.have.status(400);\r",
									"});\r",
									"pm.test(\"Pesan error benar\", function () {\r",
									"    pm.expect(pm.response.text()).equals(\"Mata uang yang boleh diberikan hanya 0 (IDR) dan 1 (USD)!\");\r",
									"});\r",
									"pm.sendRequest(`${pm.variables.get(\"baseUrl\")}/periksa/get-barang/${pm.variables.get(\"barang-id\")}`, function (err, response) {\r",
									"    const res1 = response.json();\r",
									"    pm.test(\"Data tidak berubah\", function(){\r",
									"        const account = pm.variables.get(\"account\");\r",
									"        console.log(res1);\r",
									"        pm.expect(\"barang0\" == res1.nama).equals(true);\r",
									"        pm.expect(123 == res1.berat).equals(true);\r",
									"        pm.expect(123 == res1.harga).equals(true);\r",
									"        pm.expect(0 == res1.mata_uang).equals(true);\r",
									"        pm.expect(res1.account_id == account.id).equals(true);\r",
									"    });\r",
									"});"
								],
								"type": "text/javascript"
							}
						}
					],
					"request": {
						"method": "PUT",
						"header": [
							{
								"key": "x-auth-token",
								"type": "text",
								"value": "{{auth-token}}"
							}
						],
						"body": {
							"mode": "urlencoded",
							"urlencoded": [
								{
									"key": "nama",
									"value": "barang1",
									"type": "text"
								},
								{
									"key": "berat",
									"value": "200",
									"type": "text"
								},
								{
									"key": "mataUang",
									"value": "3",
									"type": "text"
								},
								{
									"key": "harga",
									"value": "15",
									"type": "text"
								}
							]
						},
						"url": {
							"raw": "{{baseUrl}}/barang/{{barang-id}}",
							"host": [
								"{{baseUrl}}"
							],
							"path": [
								"barang",
								"{{barang-id}}"
							]
						}
					},
					"response": []
				}
			],
			"event": [
				{
					"listen": "prerequest",
					"script": {
						"id": "992de749-1fba-456f-89c7-0ba46c4d2ed2",
						"type": "text/javascript",
						"exec": [
							""
						]
					}
				},
				{
					"listen": "test",
					"script": {
						"id": "f10ea068-54d3-47e4-bc61-84923d76039c",
						"type": "text/javascript",
						"exec": [
							""
						]
					}
				}
			],
			"protocolProfileBehavior": {}
		},
		{
			"name": "8 (/barang/:id)",
			"item": [
				{
					"name": "8.1 (delete barang sukses)",
					"event": [
						{
							"listen": "prerequest",
							"script": {
								"id": "31584cd5-e9fd-4200-a66f-4b7f056cf9a2",
								"exec": [
									"pm.sendRequest(`${pm.variables.get(\"baseUrl\")}/periksa/conflict-account/`, function (err, response) {\r",
									"    pm.expect(response.code).equals(200);\r",
									"});\r",
									"pm.sendRequest(`${pm.variables.get(\"baseUrl\")}/periksa/barang-force-not-found/barang`, function (err, response) {\r",
									"    pm.expect(response.code).equals(200);\r",
									"});\r",
									"pm.sendRequest(`${pm.variables.get(\"baseUrl\")}/periksa/get-token/`, function (err, response) {\r",
									"    pm.expect(response.code).equals(200);\r",
									"    pm.variables.set(\"auth-token\", response.text());\r",
									"    pm.variables.set(\"account\", JSON.parse(atob(response.text().split(\".\")[1])));\r",
									"    pm.sendRequest(`${pm.variables.get(\"baseUrl\")}/periksa/insert-barang/${pm.variables.get(\"account\")[\"id\"]}`, function (err, response) {\r",
									"        pm.expect(response.code).equals(200);\r",
									"        pm.variables.set(\"barang-id\", response.text());\r",
									"    });\r",
									"});"
								],
								"type": "text/javascript"
							}
						},
						{
							"listen": "test",
							"script": {
								"id": "e72bf420-3a45-46ce-8ecf-ac320f49734e",
								"exec": [
									"pm.test(\"Status code is 200\", function () {\r",
									"    pm.response.to.have.status(200);\r",
									"});\r",
									"const res0 = pm.response.json();\r",
									"pm.sendRequest(`${pm.variables.get(\"baseUrl\")}/periksa/get-barang/${pm.variables.get(\"barang-id\")}`, function (err, response) {\r",
									"    pm.test(\"Delete successful\", function(){\r",
									"        pm.expect(response.code).equals(404);\r",
									"    });\r",
									"    pm.test(\"response correct\", function(){\r",
									"        const account = pm.variables.get(\"account\");\r",
									"        console.log(res0);\r",
									"        pm.expect(\"barang0\" == res0.nama).equals(true);\r",
									"        pm.expect(123 == res0.berat).equals(true);\r",
									"        pm.expect(123 == res0.harga).equals(true);\r",
									"        pm.expect(0 == res0.mata_uang).equals(true);\r",
									"        pm.expect(res0.account_id == account.id).equals(true);\r",
									"    });\r",
									"});"
								],
								"type": "text/javascript"
							}
						}
					],
					"request": {
						"method": "DELETE",
						"header": [
							{
								"key": "x-auth-token",
								"type": "text",
								"value": "{{auth-token}}"
							}
						],
						"body": {
							"mode": "urlencoded",
							"urlencoded": []
						},
						"url": {
							"raw": "{{baseUrl}}/barang/{{barang-id}}",
							"host": [
								"{{baseUrl}}"
							],
							"path": [
								"barang",
								"{{barang-id}}"
							]
						}
					},
					"response": []
				},
				{
					"name": "8.2 (token tidak ada)",
					"event": [
						{
							"listen": "prerequest",
							"script": {
								"id": "88e0d5ad-f3b1-4d6e-a232-193fd42cc3ee",
								"exec": [
									"pm.sendRequest(`${pm.variables.get(\"baseUrl\")}/periksa/conflict-account/`, function (err, response) {\r",
									"    pm.expect(response.code).equals(200);\r",
									"});\r",
									"pm.sendRequest(`${pm.variables.get(\"baseUrl\")}/periksa/barang-force-not-found/barang`, function (err, response) {\r",
									"    pm.expect(response.code).equals(200);\r",
									"});\r",
									"pm.sendRequest(`${pm.variables.get(\"baseUrl\")}/periksa/get-token/`, function (err, response) {\r",
									"    pm.expect(response.code).equals(200);\r",
									"    pm.variables.set(\"auth-token\", response.text());\r",
									"    pm.variables.set(\"account\", JSON.parse(atob(response.text().split(\".\")[1])));\r",
									"    pm.sendRequest(`${pm.variables.get(\"baseUrl\")}/periksa/insert-barang/${pm.variables.get(\"account\")[\"id\"]}`, function (err, response) {\r",
									"        pm.expect(response.code).equals(200);\r",
									"        pm.variables.set(\"barang-id\", response.text());\r",
									"    });\r",
									"});"
								],
								"type": "text/javascript"
							}
						},
						{
							"listen": "test",
							"script": {
								"id": "fc645757-d83e-4c7b-85cf-de3f4d62fcda",
								"exec": [
									"pm.test(\"Status code is 401\", function () {\r",
									"    pm.response.to.have.status(401);\r",
									"});\r",
									"pm.test(\"Pesan error benar\", function () {\r",
									"    pm.expect(pm.response.text()).equals(\"Token tidak ditemukan!\");\r",
									"});\r",
									"pm.sendRequest(`${pm.variables.get(\"baseUrl\")}/periksa/get-barang/${pm.variables.get(\"barang-id\")}`, function (err, response) {\r",
									"    pm.test(\"Data tidak terhapus\", function () {\r",
									"        pm.expect(response.code).equals(200);\r",
									"        const account = pm.variables.get(\"account\");\r",
									"        try {\r",
									"            const res0 = response.text();\r",
									"            console.log(res0);\r",
									"            const res1 = response.json();\r",
									"            pm.expect(\"barang0\" == res1.nama).equals(true);\r",
									"            pm.expect(123 == res1.berat).equals(true);\r",
									"            pm.expect(123 == res1.harga).equals(true);\r",
									"            pm.expect(0 == res1.mata_uang).equals(true);\r",
									"            pm.expect(res1.account_id == account.id).equals(true);\r",
									"        }\r",
									"        catch (error) {\r",
									"            pm.expect.fail(\"Data terhapus!\");\r",
									"        }\r",
									"    });\r",
									"});"
								],
								"type": "text/javascript"
							}
						}
					],
					"request": {
						"method": "DELETE",
						"header": [
							{
								"key": "x-auth-token",
								"type": "text",
								"value": "{{auth-token}}",
								"disabled": true
							}
						],
						"body": {
							"mode": "urlencoded",
							"urlencoded": []
						},
						"url": {
							"raw": "{{baseUrl}}/barang/{{barang-id}}",
							"host": [
								"{{baseUrl}}"
							],
							"path": [
								"barang",
								"{{barang-id}}"
							]
						}
					},
					"response": []
				},
				{
					"name": "8.3 (token invalid)",
					"event": [
						{
							"listen": "prerequest",
							"script": {
								"id": "5820d5a3-9040-4df3-9818-2a8808e2e431",
								"exec": [
									"pm.sendRequest(`${pm.variables.get(\"baseUrl\")}/periksa/conflict-account/`, function (err, response) {\r",
									"    pm.expect(response.code).equals(200);\r",
									"});\r",
									"pm.sendRequest(`${pm.variables.get(\"baseUrl\")}/periksa/barang-force-not-found/barang`, function (err, response) {\r",
									"    pm.expect(response.code).equals(200);\r",
									"});\r",
									"pm.sendRequest(`${pm.variables.get(\"baseUrl\")}/periksa/get-token-invalid/`, function (err, response) {\r",
									"    pm.expect(response.code).equals(200);\r",
									"    pm.variables.set(\"auth-token\", response.text());\r",
									"    pm.variables.set(\"account\", JSON.parse(atob(response.text().split(\".\")[1])));\r",
									"    pm.sendRequest(`${pm.variables.get(\"baseUrl\")}/periksa/insert-barang/${pm.variables.get(\"account\")[\"id\"]}`, function (err, response) {\r",
									"        pm.expect(response.code).equals(200);\r",
									"        pm.variables.set(\"barang-id\", response.text());\r",
									"    });\r",
									"});"
								],
								"type": "text/javascript"
							}
						},
						{
							"listen": "test",
							"script": {
								"id": "6b16ba69-7887-4b2c-a820-7b162c5703cd",
								"exec": [
									"pm.test(\"Status code is 400\", function () {\r",
									"    pm.response.to.have.status(400);\r",
									"});\r",
									"pm.test(\"Pesan error benar\", function () {\r",
									"    pm.expect(pm.response.text()).equals(\"Token tidak valid!\");\r",
									"});\r",
									"pm.sendRequest(`${pm.variables.get(\"baseUrl\")}/periksa/get-barang/${pm.variables.get(\"barang-id\")}`, function (err, response) {\r",
									"    pm.test(\"Data tidak terhapus\", function () {\r",
									"        pm.expect(response.code).equals(200);\r",
									"        const account = pm.variables.get(\"account\");\r",
									"        try {\r",
									"            const res0 = response.text();\r",
									"            console.log(res0);\r",
									"            const res1 = response.json();\r",
									"            pm.expect(\"barang0\" == res1.nama).equals(true);\r",
									"            pm.expect(123 == res1.berat).equals(true);\r",
									"            pm.expect(123 == res1.harga).equals(true);\r",
									"            pm.expect(0 == res1.mata_uang).equals(true);\r",
									"            pm.expect(res1.account_id == account.id).equals(true);\r",
									"        }\r",
									"        catch (error) {\r",
									"            pm.expect.fail(\"Data terhapus!\");\r",
									"        }\r",
									"    });\r",
									"});"
								],
								"type": "text/javascript"
							}
						}
					],
					"request": {
						"method": "DELETE",
						"header": [
							{
								"key": "x-auth-token",
								"type": "text",
								"value": "{{auth-token}}"
							}
						],
						"body": {
							"mode": "urlencoded",
							"urlencoded": []
						},
						"url": {
							"raw": "{{baseUrl}}/barang/{{barang-id}}",
							"host": [
								"{{baseUrl}}"
							],
							"path": [
								"barang",
								"{{barang-id}}"
							]
						}
					},
					"response": []
				},
				{
					"name": "8.4 (barang tidak ditemukan)",
					"event": [
						{
							"listen": "prerequest",
							"script": {
								"id": "443e367e-60b1-48bd-adb3-70c513865c22",
								"exec": [
									"pm.sendRequest(`${pm.variables.get(\"baseUrl\")}/periksa/conflict-account/`, function (err, response) {\r",
									"    pm.expect(response.code).equals(200);\r",
									"});\r",
									"pm.sendRequest(`${pm.variables.get(\"baseUrl\")}/periksa/barang-force-not-found/barang`, function (err, response) {\r",
									"    pm.expect(response.code).equals(200);\r",
									"});\r",
									"pm.sendRequest(`${pm.variables.get(\"baseUrl\")}/periksa/get-token/`, function (err, response) {\r",
									"    pm.expect(response.code).equals(200);\r",
									"    pm.variables.set(\"auth-token\", response.text());\r",
									"    pm.variables.set(\"account\", JSON.parse(atob(response.text().split(\".\")[1])));\r",
									"});"
								],
								"type": "text/javascript"
							}
						},
						{
							"listen": "test",
							"script": {
								"id": "da02b101-c97e-4f35-9e51-a28b8dd02aff",
								"exec": [
									"pm.test(\"Status code is 404\", function () {\r",
									"    pm.response.to.have.status(404);\r",
									"});\r",
									"pm.test(\"Pesan error benar\", function () {\r",
									"    pm.expect(pm.response.text()).equals(\"Barang tidak ditemukan!\");\r",
									"});"
								],
								"type": "text/javascript"
							}
						}
					],
					"request": {
						"method": "DELETE",
						"header": [
							{
								"key": "x-auth-token",
								"type": "text",
								"value": "{{auth-token}}"
							}
						],
						"body": {
							"mode": "urlencoded",
							"urlencoded": []
						},
						"url": {
							"raw": "{{baseUrl}}/barang/0",
							"host": [
								"{{baseUrl}}"
							],
							"path": [
								"barang",
								"0"
							]
						}
					},
					"response": []
				},
				{
					"name": "8.5 (barang bukan milik user)",
					"event": [
						{
							"listen": "prerequest",
							"script": {
								"id": "b2f69f26-db0d-41e1-9dd2-36fca774d5c1",
								"exec": [
									"pm.sendRequest(`${pm.variables.get(\"baseUrl\")}/periksa/conflict-account/`, function (err, response) {\r",
									"    pm.expect(response.code).equals(200);\r",
									"});\r",
									"pm.sendRequest(`${pm.variables.get(\"baseUrl\")}/periksa/barang-force-not-found/barang`, function (err, response) {\r",
									"    pm.expect(response.code).equals(200);\r",
									"});\r",
									"pm.sendRequest(`${pm.variables.get(\"baseUrl\")}/periksa/get-token/`, function (err, response) {\r",
									"    pm.expect(response.code).equals(200);\r",
									"    pm.variables.set(\"auth-token\", response.text());\r",
									"    pm.variables.set(\"account\", JSON.parse(atob(response.text().split(\".\")[1])));\r",
									"    pm.sendRequest(`${pm.variables.get(\"baseUrl\")}/periksa/insert-barang/1`, function (err, response) {\r",
									"        pm.expect(response.code).equals(200);\r",
									"        pm.variables.set(\"barang-id\", response.text());\r",
									"    });\r",
									"});"
								],
								"type": "text/javascript"
							}
						},
						{
							"listen": "test",
							"script": {
								"id": "3e17aad5-3aca-43b8-bfbc-cdae17e5f599",
								"exec": [
									"pm.test(\"Status code is 403\", function () {\r",
									"    pm.response.to.have.status(403);\r",
									"});\r",
									"pm.test(\"Pesan error benar\", function () {\r",
									"    pm.expect(pm.response.text()).equals(\"Barang bukan milik anda!\");\r",
									"});\r",
									"pm.sendRequest(`${pm.variables.get(\"baseUrl\")}/periksa/get-barang/${pm.variables.get(\"barang-id\")}`, function (err, response) {\r",
									"    pm.test(\"Data tidak terhapus\", function () {\r",
									"        pm.expect(response.code).equals(200);\r",
									"        const account = pm.variables.get(\"account\");\r",
									"        try {\r",
									"            const res0 = response.text();\r",
									"            console.log(res0);\r",
									"            const res1 = response.json();\r",
									"            pm.expect(\"barang0\" == res1.nama).equals(true);\r",
									"            pm.expect(123 == res1.berat).equals(true);\r",
									"            pm.expect(123 == res1.harga).equals(true);\r",
									"            pm.expect(0 == res1.mata_uang).equals(true);\r",
									"            pm.expect(res1.account_id == 1).equals(true);\r",
									"        }\r",
									"        catch (error) {\r",
									"            pm.expect.fail(\"Data terhapus!\");\r",
									"        }\r",
									"    });\r",
									"});"
								],
								"type": "text/javascript"
							}
						}
					],
					"request": {
						"method": "DELETE",
						"header": [
							{
								"key": "x-auth-token",
								"type": "text",
								"value": "{{auth-token}}"
							}
						],
						"body": {
							"mode": "urlencoded",
							"urlencoded": []
						},
						"url": {
							"raw": "{{baseUrl}}/barang/{{barang-id}}",
							"host": [
								"{{baseUrl}}"
							],
							"path": [
								"barang",
								"{{barang-id}}"
							]
						}
					},
					"response": []
				}
			],
			"event": [
				{
					"listen": "prerequest",
					"script": {
						"id": "9b498b70-342b-4da4-95c4-a6e958a13ede",
						"type": "text/javascript",
						"exec": [
							""
						]
					}
				},
				{
					"listen": "test",
					"script": {
						"id": "75e0df64-da0f-4e5c-a543-cec9f7c5a37a",
						"type": "text/javascript",
						"exec": [
							""
						]
					}
				}
			],
			"protocolProfileBehavior": {}
		},
		{
			"name": "9 (/review/)",
			"item": [],
			"protocolProfileBehavior": {}
		},
		{
			"name": "10 (/review/)",
			"item": [],
			"protocolProfileBehavior": {}
		},
		{
			"name": "11 (/review/:id)",
			"item": [],
			"protocolProfileBehavior": {}
		},
		{
			"name": "12 (/review/:id)",
			"item": [],
			"protocolProfileBehavior": {}
		}
	],
	"event": [
		{
			"listen": "prerequest",
			"script": {
				"id": "1df713f2-aac1-45f0-83cd-502033384cc2",
				"type": "text/javascript",
				"exec": [
					""
				]
			}
		},
		{
			"listen": "test",
			"script": {
				"id": "f9e33a1b-d2c0-4903-a067-fadd381e3aa4",
				"type": "text/javascript",
				"exec": [
					""
				]
			}
		}
	],
	"variable": [
		{
			"id": "814dd830-d16b-4d1c-bd6e-8819041dea6a",
			"key": "baseUrl",
			"value": "http://localhost:3000/api"
		}
	],
	"protocolProfileBehavior": {}
}